{
    "time_of_best": 9225.705607763999,
    "fitness_value": 70.38787135517332,
    "emergency_accesses": [150, 117, 215]
}